,success,runtime_s,mle,mle_x,rmsd_mle,rmsd_x,rmsd_mle_mean,rmsd_x_mean,rmsd_mle_std,rmsd_x_std,dt_mean
Nelder-Mead,"[True, False, False, True, False, False, False, True, False, False]","[21.213181972503662, 1333.9363141059875, 2086.2639248371124, 43.4829580783844, 1906.6032528877258, 6996.687122344971, 4756.417184114456, 25.89934992790222, 1019.8565390110016, 6298.054557085037]","[9620.438268727641, 9406.3055684076, -74780.307659602, 10132.850444464028, 10034.305776361825, 10124.339618611682, 9965.877592868233, 8900.061656773518, 10133.433771210424, 10082.393563731228]","[[9.622522584240912, 4.999927192186985, 3.8792493802728654, 3.999661097451458, 7.7013445526253275, 2.697588717053662, 4.967851346963652, 8.70354348460426, 0.08209346459802372, 3.9970201125414566, -1.0, 11.101998207714814, 0.6901614098589232, 6.163951967438857, -9.301029995663981], [7.031139914829542, 0.15958384767023787, -0.1307727653994893, 2.3938263984494936, 7.044832831417732, 4.999871667327127, 4.99950453162308, 10.258733831535489, 3.9320401944762957, 3.9998497632829566, -0.47993392770062127, 11.999449539644036, -0.725607884504263, 3.753516090419607, -9.301029995663981], [8.641540007262606, 1.186088596898391, -0.2868503132634283, -1.2422119034113868, 5.984278251763541, -0.5868465792452328, 2.329572849223829, 11.672738805298437, -1.9780989027639615, 1.9941949955694385, 4.072045471492872, 6.4791248707520595, 4.097759767070617, 7.794566941548134, -9.301029995663981], [7.2216891624860375, 1.5878887631329603, 3.9987825921327236, 2.856809293760727, 3.981356856607005, 1.4706091530237115, -0.9831462759016512, 6.000201658404869, 3.9535953635460928, 3.9639757965713915, -0.609449405178378, 11.909678207594887, -0.5540870369953821, 3.000001720149932, -9.301029995663981], [11.866033559894404, 4.966420302010652, 1.9075703879254369, 3.9975070407681015, 8.90194686979802, 3.8873970054879936, 2.199492640240667, 9.899625796156572, 1.8097351891254618, 1.372034966381935, -0.9331956378757906, 7.508156912643206, 4.7662834830482055, 6.226204710053763, -9.301029995663981], [11.632645762113693, 2.211380025638392, 3.6672702327078994, -0.2583163255108475, 3.2895494305201116, 0.3992143625852941, 2.3793016945337584, 11.073682712097476, 2.2064409256296282, 3.706129816931785, 4.475557095086159, 11.984588446938853, 3.5475525795769447, 5.9011345725137145, -9.301029995663981], [7.4225643552550205, 2.8122117243213856, 2.9448179989042345, 3.566116489093978, 8.211479222088853, 3.090040114742336, -0.549037240511579, 10.217757784827636, 3.945807761488453, -0.08988855499956297, -0.003072402882271375, 9.99605621350801, 4.5762219521134995, 8.771438614518646, -9.301175674553177], [10.030205193774858, 2.8722016077623795, 1.2878177367009127, 3.835044246827854, 5.462557507640474, 4.999888166887828, 4.965819730974029, 7.496891614241786, 0.05002089441486195, -1.992311327816707, -0.4603425774522737, 6.366585775719399, 0.3536636576221583, 3.0818523668906503, -9.301029995663981], [6.0, 0.12178876706307008, 0.9928117751068524, 1.0394068247569437, 3.973838619476524, 0.26074739830518484, 0.7633592872449371, 8.967626066047627, 2.4419613387274115, 3.972697751599799, -0.8374572376978158, 8.860780150631266, -0.6541768103709706, 3.0367740915618415, -9.301029995663981], [10.532081480909056, -0.9998868594778845, 3.190160405120359, 1.4543930201788275, 4.207588792348403, 1.259200730492998, 1.2862006765831708, 11.611430564860296, 3.7964475446128176, -0.08743089700509478, 4.906406778668994, 11.614886418273699, 4.864225646506426, 8.94359040603365, -9.301029995663981]]","[1096.2206297182765, 1310.353330038317, 85496.96655804792, 583.8084539818901, 682.3531220840923, 592.3192798342352, 750.7813055776842, 1816.5972416723998, 583.2251272354933, 634.2653347146897]","[2.0647745632798706, 2.244345169320932, 2.4075828356969473, 2.637672914346263, 2.01203092903347, 2.307982021670299, 2.5098220616391367, 1.8966268541602056, 2.2071178791284507, 2.77443837791002]",9354.6890382905,2.3062393606185596,25383.678552388625,0.26590979435110157,2448.8414384365083
Powell,"[True, True, True, True, True, True, True, True, True, True]","[2.128092050552368, 1.154581069946289, 2.2134547233581543, 4.769934177398682, 28.115590810775757, 1.6079840660095215, 1.3460023403167725, 18.78564214706421, 3.845677137374878, 21.99096703529358]","[7215.055072112545, -16792.233028450417, 917.9660163040876, -63169.01532291659, 10045.855024776678, 5423.8510044215345, -6857.402712748764, 10235.228896361314, 282.38356498390976, 10133.99027307644]","[[8.650184413491052, 2.999848026701945, 1.653415168035106, 1.5490666229295045, 7.061495127213199, 3.8648462430983046, 4.540298129507159, 9.146112205084235, 1.670818374331968, 2.744809398918357, 3.517819047840517, 8.359537652672609, -0.708934938490249, 4.61595061519097, -9.301079494170734], [11.968634411622801, 2.354416422937814, -1.231989537409405, -0.40697456844704827, 6.110357880440748, 4.9831178048316715, 1.9352597469605721, 8.697218339317267, 2.406666077698624, -0.010722577674536993, -0.9999366776621794, 8.478720408544543, 4.900625046935878, 3.840402592263511, -9.301078461556743], [8.865066718482007, 0.9845515416930919, 0.2743793485877519, 1.7239907400825805, 4.5929193943077, 2.231596486866172, 4.005369605872129, 10.226347132122736, 2.315527465515252, 3.999189105892495, 4.102484469423965, 11.999446214296485, 2.7379715340628916, 7.595321057483117, -9.301078704670289], [9.689918024333643, 0.9355670243347509, 0.398190650719038, 3.955024158649153, 6.201232005984244, -0.20885304731711773, 1.9122426175603442, 8.34415106106809, 2.8003791510334017, 2.596486887506584, 0.9308341639159357, 9.190582360550849, 4.964013513042741, 3.668448577069344, -9.470564777709635], [11.999999998359812, 2.6082284244828275, 0.5631803780601994, 2.8219042029427945, 6.797770420169841, 1.547128542061691, 2.384006675873004, 8.176188513726443, 2.979837427239154, 3.240283112249432, 1.7413266922745243, 6.00050086153127, -0.35007540054036873, 4.812899703955433, -9.412380345055906], [11.061117516534193, 4.290785739448484, -0.8429550372063129, 3.3812698826687755, 7.530763614712494, 3.5104046976883523, 3.042335894969707, 7.194385906377899, 1.9756673391948172, 1.3155074852015058, 0.991390423219081, 11.990944323699852, 0.3495632256761509, 3.4411760994887097, -9.305363055164856], [7.085255241085736, 4.083272299132677, 3.3301253830350457, 2.536190790021726, 5.99100632061594, 2.6348783394722433, 0.7399165349619099, 8.081089519786019, 1.6848516259431752, 0.00810975496302796, 0.8857762426577943, 11.921118323732854, 1.4774243607710633, 6.66251392663976, -9.426623210214336], [11.99996437741387, 3.392895644842914, 0.962255791432026, 3.1003726361710164, 6.74679930339365, 1.0592250120324789, 2.4508815538055067, 8.38990419431575, 2.0161019563804365, 3.2836390930604034, 4.998882005508885, 7.7539999963880755, -0.9468256700679287, 5.045008116630431, -9.578187303374337], [8.949306460288035, 1.3020113863479676, -0.8155264626983754, 0.12820482992372145, 4.663505719384279, 2.4928801572908013, 3.4911624119175486, 9.797728303198598, 1.9118790156005903, 1.474031761946288, -0.9563707035815363, 8.23618612128033, 1.4432100760873205, 5.892855338080127, -9.301032246085976], [10.77981181523651, 2.523110605816456, 1.9846128866713504, 2.049115303913079, 6.053755253764398, 2.376331576431384, 3.0149147490043307, 10.288072576601312, 1.8502309701741453, 1.2771853739767698, 1.4525322875111097, 10.070573267463457, 1.5865719075297005, 3.508726406066197, -9.490596380824654]]","[3501.603826333373, 27508.891926896336, 9798.69288214183, 73885.67422136251, 670.8038736692397, 5292.807894024383, 17574.06161119468, 481.430002084604, 10434.275333462008, 582.668625369477]","[0.822553018574682, 2.236236306691016, 2.1145227606250603, 2.0118635954493755, 1.1243139144702792, 1.8534300206720362, 2.065951657167074, 1.1984739135727838, 1.7327474295917897, 1.0829511896140656]",14973.091019653843,1.6243043806428161,21281.282548239786,0.4890274261000121,8.595792555809021
CG,"[False, False, False, False, False, False, False, False, False, False]","[0.2465510368347168, 0.334852933883667, 3.5112521648406982, 1.3010389804840088, 0.47817301750183105, 1.7469370365142822, 1.4742181301116943, 1.4714140892028809, 1.7472589015960693, 0.9647281169891357]","[3870.6427097551714, -1287.4054419422419, -150917.38023078718, -2017261.5143195954, 8471.698463487575, 8471.328671232268, 8918.049762092738, -77420.77664225665, 8471.32413661975, -39548.67944077992]","[[6.6951919181194155, 3.2046832446740976, 3.7888485546389914, 1.1521078807418434, 4.194823875672557, 3.3602782089240493, 3.9172124642114525, 8.665101648718949, 0.05729761079528992, 3.433228175835829, 4.508404851817063, 8.398674864094625, 0.8910296601029862, 4.778508091477638, -3.7882003583315003], [11.294505122598482, 1.4820921232603097, 1.8752007176643666, 2.6201726503647538, 5.144727994237165, 4.983019282932238, 1.925323935720225, 8.597625587429828, 2.4121560667418094, 3.0307627757628297, 1.7697958956929503, 9.001673853118216, -0.9885003808904032, 7.9886270218284805, -8.856077411020559], [8.586931960059088, 1.1666471454673457, -0.2810579032749073, -1.2328930292205065, 6.284787406568937, -0.5861451245995742, 2.308498784783647, 11.466307297553191, -1.9604261096849303, 1.9853228813808639, 4.057082101414059, 6.406878365254527, 4.043419981772348, 7.597253264917255, -9.440191895528091], [7.849943623502651, 3.1506724709581495, 1.0074548018325273, 2.918711808884582, 8.283721803022656, -0.2254655961409808, -0.6679623788034832, 10.5205224227307, 2.3365978159704017, -1.210921170227213, -1.091431582823959, 11.074113881395684, -0.07301654062112951, 4.929157089181968, -9.990509556672473], [8.911378715300552, 4.792336391957146, -1.0683869231184109, 1.2176691395299601, 8.703482522158373, 2.897454256605728, 2.2840697650155883, 10.128560128926086, 4.7139343797159405, 4.797217868745629, 5.207178240940973, 8.06812478145986, 4.682169034608068, 5.067629293801059, -8.041001374718718], [7.544869489996466, 4.027892075435963, 3.402975310868463, -1.9693527720711195, 7.523977390832094, 3.345449684511926, 2.9015826220655554, 6.282471367154309, 1.1285041951900427, 1.3512358025075792, 2.759375254502633, 8.573315400184535, 3.240806612554421, 3.5310563720330874, -8.0336641415685], [11.378680708724424, 4.289462221454804, 3.7115169420850544, 2.6387479227098307, 5.148218530647929, 2.1684805360613186, 1.4605725637472404, 7.070491373205576, 2.8142489619538003, 0.33715500573914, -0.30312745890614967, 11.88859446390579, 2.3604774073582315, 5.679388534422665, -8.489308118273717], [9.276653441655371, 0.5343409321191692, 0.441393223001958, 0.37569415321990374, 6.760811662910907, 1.031371431043523, 4.982989714561101, 9.768465074071223, -0.8096135863425399, -0.6547847863804399, 2.292361751964824, 9.642537464843828, 3.160353679404847, 6.095208542997305, -9.30769866613092], [7.144731967472672, -0.5430445649820952, -0.3731603312355391, 1.3676058994922167, 3.241165846794661, 2.569499883083192, -0.5495116620143357, 7.421234148882408, -0.37630047960855406, -1.6026686810753603, 0.402446963269315, 7.512869879660019, 0.24801679688149555, 5.698967166673777, -8.033675125718561], [9.695639222571248, -3.4865757844209986, -4.022680240478918, -3.009422062231505, 5.943795069252661, -1.5813216901121534, 5.795827743378255, 14.719874498065357, 1.666113117644474, 4.583625210874698, 1.2297644007047897, 10.274861402341477, 5.63459725658386, 5.949877518296015, 34.22948516197276]]","[6846.016188690746, 12004.064340388159, 161634.0391292331, 2027978.1732180414, 2244.9604349583424, 2245.33022721365, 1798.6091363531796, 88137.43554070257, 2245.334761826167, 50265.33833922583]","[2.2442648880573595, 1.6293810977887568, 2.3631931920856633, 2.2639400331409614, 2.0971197203101983, 1.955074693740756, 2.1738535739568974, 1.947159946331545, 2.4866515858617606, 12.022690631008576]",235539.93013166334,3.1183329362282475,599544.3755009567,2.977037733891705,1.3276424407958984
BFGS,"[False, False, False, False, False, False, False, False, False, False]","[1.6404030323028564, 0.4125981330871582, 1.954352855682373, 1.737657070159912, 2.9349560737609863, 0.2290489673614502, 1.5384466648101807, 1.0444960594177246, 0.31435203552246094, 0.09768199920654297]","[5260.225639374944, 1546.8563208313028, -150917.3087932341, -2017232.355691578, -51727.09922384717, 5742.899127987868, 9198.804290264869, -77420.7222521056, 6839.614642871237, -64945.171226968785]","[[6.630026738146094, 1.8441878185054963, 2.504700014228143, 1.6608339384659383, 4.735817115638874, 2.7886973814892557, 3.50260222093973, 7.934361429619479, 0.07436324810466786, -0.19649828603501884, 3.8015264270998057, 8.180597352140152, -0.939040686884514, 3.84220328446235, -9.17767051295601], [9.328291403092786, -1.7708310642555622, -3.0705585476560806, -6.2229455423960855, 38.841499016894566, -1.410054953933956, 0.898763861244848, 8.293487513442559, -11.990647418659687, 0.893390654033216, -3.4671114670854237, 5.8355957650984545, -7.443416432391522, 6.935063572426551, -8.78894380246817], [8.586931960014311, 1.1666471453007776, -0.2810579032828617, -1.2328930296814895, 6.284787406440202, -0.58614512459199, 2.3084987847781386, 11.46630729751326, -1.9604261097004012, 1.9853228809402745, 4.057082101407343, 6.40687836526938, 4.0434199817672845, 7.597253264911155, -9.440191895520718], [7.849918657603777, 3.150606126007076, 1.0075301113911728, 2.9188382922863663, 8.283767691280536, -0.22558889157734566, -0.6679586669864703, 10.520573235329948, 2.336464757417295, -1.2109202300619695, -1.091243334936682, 11.07410017049263, -0.07306390696485027, 4.929190774644988, -9.990506546609467], [9.931214889675832, 2.5931318951691993, -0.9243136181639742, 1.8376244273818294, 5.924534261102313, 1.5733486126127814, 1.2241398558588763, 7.956064544157731, 0.9139160605760883, 2.6976851361763217, 1.3430428162384154, 6.963669906615053, 2.3978581283309204, 3.5843618266602304, -9.289305395187329], [9.089697003074626, 3.3645967009521076, 3.5475257735970227, -4.3167139300306525, 10.707855132734348, 0.052050290582329684, 2.3588340484735077, 4.7831990678312355, 2.829258332520156, -0.06940560356528547, 0.9306347793053473, 8.124018460636995, -1.4234498093481265, 6.264591869541569, -8.617168598977518], [11.464821400307533, 4.851481212277507, 2.7499548238540235, 3.201714027569243, 4.672666923356901, 2.1440636551398535, 0.6135843984026911, 7.586514549323056, 3.714126318711496, 0.8928428151981334, -0.5162982973801886, 11.872627439293728, 1.4112002641737427, 6.025939385262198, -8.625779275092453], [9.276653442561372, 0.5343409280876323, 0.4413932219310584, 0.3756941530853278, 6.760811664204492, 1.031371428649441, 4.982989714755008, 9.768465072888452, -0.8096135898406193, -0.6547847887373386, 2.292361752531885, 9.642537466621068, 3.16035367815164, 6.095208542707263, -9.307698666043256], [5.560236670705661, -3.805027780546016, 4.683713803935754, -2.4458207782119445, 8.14791907084971, -2.937579651633534, 2.3191536693672337, 1.9817601607987823, 1.3209729814255007, 1.1568430300354193, 2.171000023590419, 9.636593685646455, -3.136319155262496, 6.911139124524496, -8.530808907621337], [10.552210651335601, -0.298426500085878, -1.785703608256319, -0.775939622691003, 8.176150685895523, 0.4665369408694884, 4.03391017704746, 10.287825041027359, 3.9034988480330184, 0.15333049341604618, 3.2468725581251014, 10.772300732913143, 4.506088285231089, 8.751145126493967, -9.27421548746705]]","[5456.433259070974, 9169.802577614615, 161633.96769168, 2027949.014590024, 62443.75812229309, 4973.759770458049, 1517.8546081810491, 88137.38115055152, 3877.0442555746804, 75661.83012541471]","[1.5254481587360025, 9.875303580953865, 2.3631931921392852, 2.2639316563227596, 1.4168579444022869, 2.7435330426513485, 2.2136622461757933, 1.9471599474308428, 3.860884576960132, 2.6696466109593784]",244082.0846150863,3.0879620956731695,596698.4305320932,2.355063005558383,1.1903992891311646
L-BFGS-B,"[True, True, False, False, True, False, True, True, True, True]","[0.13965106010437012, 0.8663549423217773, 9.173716068267822, 3.0787301063537598, 1.14780592918396, 1.569270133972168, 0.0819089412689209, 1.891052007675171, 0.054734230041503906, 1.1564369201660156]","[-74782.74303408261, -74778.89568784848, -10595.947729317384, -2155125.4869248117, -72970.18563721207, -63251.719397099936, -74782.72387912682, -77420.72433811561, -74782.74305161877, -74786.22798910034]","[[11.999999923418262, -0.9999999188353684, 3.9999999922862206, 3.9999999597342955, 8.999999929238685, -0.9999999157141777, 4.999999979075215, 6.0, -1.999999971365676, 3.9999999914451574, 4.999999992984999, 11.999999950833976, 4.999999943891247, 3.0, -9.301029995663981], [9.501759154860665, 2.3901583185127677, -2.0, -2.0, 3.0, -1.0, 5.0, 12.0, -1.999999966608928, 4.0, -0.9999999666089281, 12.0, 4.999999966608928, 3.000000033391072, -9.301029995663981], [6.295936037243876, 0.8746073891635685, 2.6661839628574366, 2.566997904836546, 5.5210933432793645, 4.209624595219146, 3.5410212943722565, 9.811908671979857, -1.9718744944387003, -1.599017284600518, 3.694676854989191, 6.435714712055174, 3.5458468153654277, 5.567224013865101, -9.301029995663981], [7.865835822119986, 3.063704608977387, 1.2260870503772996, 3.34959011081412, 8.500413614049764, -0.27225913401016283, -0.5436217595603062, 10.874109276775945, 2.1648591400972155, -1.0016696247724506, -0.4901677848837479, 11.129796142741016, -0.277793477830909, 5.261614209947057, -10.006231980884163], [6.000000014858067, -0.9999999333560232, 3.9998368806791027, 3.1316681747902435, 3.000000029886782, 4.716193109808871, 4.8549005932502265, 12.0, 3.999999992458631, -2.0, 4.999999983647933, 6.000000011422895, 5.0, 3.000000017072502, -9.301029995663981], [6.850568436205895, 4.39521658826146, 3.801737035867587, 1.407162939478738, 8.517860292461874, 4.110782128765235, 0.7877938139838571, 9.509864481114786, 3.0648556514548364, 2.383088661389344, 4.272462801475542, 10.882375570981425, 4.42777511866248, 7.225610127259762, -9.301029995663981], [11.999998365945006, 5.0, 3.9999997950227146, 4.0, 8.999995737187415, -0.9999955265911246, 4.999997232096191, 6.000000921218599, -1.9999968202677698, 3.9999986958826352, -0.999998660139709, 6.0, 4.999994319102868, 3.000003643975194, -9.301029995663981], [9.27663888154311, 0.5343489414006333, 0.44139007112845247, 0.37569405131182465, 6.760795740857804, 1.0313757790361415, 4.982979909894698, 9.768467631789818, -0.8095943516840418, -0.6547707849833213, 2.2923443376719925, 9.642537767067473, 3.160349932843175, 6.095209190125669, -9.307698995481546], [12.0, 5.0, -2.0, 4.0, 3.0, 5.0, -1.0, 12.0, -2.0, -2.0, -1.0, 12.0, -1.0, 3.0, -9.301029995663981], [6.279759491914972, -0.9882402056114596, -2.0, -1.999999999999121, 3.17373833284865, -0.6180581467533994, -1.0, 6.61759973427367, -1.6808914679152285, -1.435588663625506, 4.987148355880537, 7.124753108254019, -0.9618157198860963, 3.5387553849495506, -9.301029995663981]]","[85499.40193252853, 85495.5545862944, 21312.6066277633, 2165842.1458232575, 83686.84453565799, 73968.37829554586, 85499.38277757274, 88137.38323656154, 85499.4019500647, 85502.88688754626]","[3.0928795162897083, 3.2670956413738064, 2.1296102348277284, 2.2091002343384303, 2.7707346009249276, 2.200092041543809, 2.8223911252804093, 1.9471559156062348, 3.0928795543631233, 3.139643849902161]",286044.39866527927,2.6671582714450337,626889.6337033861,0.470722770452374,1.9159660339355469
TNC,"[False, True, False, True, True, True, True, False, False, False]","[8.231024980545044, 0.46521592140197754, 0.9302599430084229, 0.5008718967437744, 1.3055448532104492, 0.8017981052398682, 1.0647220611572266, 2.1607820987701416, 0.8137421607971191, 1.0747449398040771]","[1787.0794541920152, -74782.53424970928, -74782.07210679061, -2155119.6276849136, -64010.81462806005, -74781.23189828353, -34493.37371646356, -74779.31923926856, -74794.03274756075, -74782.73979843986]","[[6.845255034003061, 3.0896168601388307, 3.722018001963301, 1.7019516146500555, 4.629340979700715, 2.6439322749399468, 4.482917785365372, 8.005048632469515, 0.35003768377659095, 3.429971815163919, 4.6068786147065355, 8.270954947095596, 0.8947524807947875, 4.628588593083505, -9.301029995663981], [11.296874059958169, 1.4820779330828397, 1.9374343471260145, 2.6244716758495983, 5.15577291514345, 4.980539117591784, 1.9089928537121914, 8.575446009451037, 2.413804338560858, 3.0285135240082064, 1.7790150391735418, 8.994096814131423, -0.9892992571880828, 7.988623045663428, -9.301029995663981], [8.587336827695344, 1.1662674107673343, -0.2811943376529147, -1.233077919690639, 6.284618171697202, -0.5865142237008021, 2.3083306558071133, 11.466152903826478, -1.9607599742758337, 1.9852678798055081, 4.056918014016323, 6.406868047386364, 4.043285631486436, 7.5971085510851815, -9.301029995663981], [7.865835602521921, 3.063704806580155, 1.226087764658832, 3.349590301042914, 8.500413322831516, -0.27225879059171154, -0.5436225587986856, 10.874109405284292, 2.1648592609904433, -1.001670141465893, -0.49016737503071095, 11.12979691178335, -0.27779407200775186, 5.261614071702458, -10.006232122164544], [9.957247122962903, 2.480938836491592, -0.8544205150330633, 1.8518293329394249, 5.820723258137335, 1.596803953000797, 1.2804338451240982, 7.834716639706491, 0.7809924027475383, 2.736688602408749, 1.0225231735058367, 6.64367810432212, 2.335830020056598, 3.627196154601986, -9.301029995663981], [7.5450905501992, 4.028370346319342, 3.402593280517796, -1.969993812677286, 7.521475038209978, 3.3450426170552987, 2.9009822110137264, 6.28001088376555, 1.1287338743089514, 1.3527658444017927, 2.7600338225558634, 8.573763266668017, 3.2405194976230254, 3.5285871405136, -9.301029995663981], [11.341175800737147, 4.0398119438721904, 2.8928705030878685, 3.4297269560961645, 4.275683734999525, 2.5765908605521513, 0.8876753441787952, 7.2643269628445, 2.8206350932190345, 0.4093876965197383, -0.07747600976471425, 12.0, 1.5489677348823983, 6.5162388843753005, -9.301029995663981], [9.276628059144342, 0.5343548229237585, 0.4413818481183689, 0.3756873793521085, 6.760798944081815, 1.0313730828924803, 4.982985316298245, 9.768464293663545, -0.809598440976397, -0.6547774411756886, 2.2923336273642523, 9.642531844388735, 3.160343870634977, 6.095217393162755, -9.301029995663981], [6.994032023526549, -0.6563717985025552, -0.17937434856507206, 1.2672027850170953, 3.444801149924438, 2.4545849539916413, -0.3322284933038193, 7.067865006761817, -0.2754493424416051, -1.5723487811707875, 0.4458995230944387, 7.4687591128910205, 0.3182580373593833, 5.668570626839088, -9.301029995663981], [10.525176768147347, -0.3212283370774167, -1.8010179810230742, -0.8156155230705762, 8.047728628657994, 0.3972191652570096, 3.9299607438456574, 10.318519244832622, 3.8409778025075774, 0.17596165271998843, 3.2872782249211947, 10.679974344178076, 4.508305892679296, 8.667638897584077, -9.301029995663981]]","[8929.579444253903, 85499.1931481552, 85498.73100523654, 2165836.2865833594, 74727.47352650597, 85497.89079672945, 45210.032614909476, 85495.97813771448, 85510.69164600667, 85499.39869688578]","[1.5403280048698103, 1.6123666835133792, 2.3657320875096346, 2.2091003815159076, 1.4513361444588277, 1.896935177155768, 2.19335301036399, 1.9473165304493079, 2.427428356080304, 2.6515601784512546]",280770.5255599757,2.0295456554368188,628816.0018630972,0.38592128567631534,1.73487069606781
COBYLA,"[False, False, True, False, False, False, False, True, True, True]","[2.3262391090393066, 2.2475361824035645, 0.5434627532958984, 2.497614860534668, 2.6244001388549805, 2.332355260848999, 2.792001962661743, 1.4505400657653809, 0.3428809642791748, 1.5425069332122803]","[9056.829664728775, 8996.95427601194, 8472.571848344625, 9570.54359130632, 9640.803248487722, 9108.27817529192, 9214.008792267257, 9113.796447284942, 8471.32425905653, 9339.54925010442]","[[7.463427257467621, 3.400199966588279, 3.3208572649998147, 1.6340299931584026, 5.222560229642223, 2.7768917745534543, 4.4809344694593, 8.379859263698645, 0.46826287820298834, 4.244921087684589, 4.181133106929678, 9.85036936784082, 3.0971377157654647, 3.9598205748452107, -8.549969181170953], [12.311437807763154, 2.9802678723789913, 3.2489094231970506, 2.8122037723009523, 6.122230433922404, 5.0202665770574795, 2.528985016197199, 8.41040717910587, 3.351689082777224, 3.0061841067725497, 2.8172485223613224, 10.121252930547943, 0.8085344693994048, 7.15519711697122, -8.493171597677641], [8.32245454603624, 1.9133086314264025, -0.11525512769137108, 0.5506619272784874, 5.922288246970597, 0.9754867584047019, 2.389101595238855, 12.788921933376862, -2.646896056006705, 2.671297406458823, 3.7740533765482147, 6.316755518022954, 4.968405037151914, 7.350953049480765, -8.034088208341633], [8.950050093615614, 3.3801633792701815, 2.120169743246288, 4.915128656848765, 7.643119999445157, 0.8878543266054548, 0.5949865804867179, 9.50268040650614, 1.8070297792317254, -0.29806648653916623, -0.6021500592595361, 10.96652981100519, -0.34042354619131016, 3.6048679080364443, -8.934068595252274], [9.804936651127495, 3.2479462675447404, 1.0651021598981607, 2.4905080184937765, 5.570918134862603, 1.5933424951857986, 2.301650733589155, 8.069025639577976, 1.8020181011096825, 2.8991769739334847, 2.0710843030015025, 6.822400219201377, 3.5993037324085506, 3.671337648120764, -9.052365004150912], [10.178548436909097, 4.996501839630593, 2.849195339153754, 1.5142153748475526, 7.0258026047679225, 5.10859296514459, 2.9974213210844476, 7.435753912401614, 1.126241120258133, 2.0431605955738252, 2.359883573228258, 8.450659012506893, 4.597745955951752, 4.482164248333425, -8.573667489312387], [13.123480550494625, 4.131134372880411, 3.679873301130745, 3.5175054124247236, 3.7370543783849466, 2.6705176665844585, 1.9077247381460885, 7.295779156075993, 3.1562073949685536, 0.586482972725637, 0.8936255837389769, 13.050356171702086, 1.736528429375423, 6.677237468128468, -8.683191529634996], [8.776962582445467, 2.2972749318014407, 0.5028385811514258, 2.4497986486105225, 5.543334338555593, 1.7906896931307141, 5.598630395678491, 11.45936474916797, 0.5695693408881698, -0.3892140215195369, 1.747885611528734, 9.140404775669948, 4.940321031848018, 6.898381707025601, -8.598086202326664], [8.452970125437409, 0.8740340559252044, -0.7137993335185173, 2.889316739836017, 2.9885706360841864, 4.180063387088949, -1.0317626933870911, 8.000352031660764, -0.2798281807636138, -0.4871437957971745, 1.403382370156356, 8.436537477869074, 1.2982005100892182, 5.599858698308111, -8.033724965846817], [9.915260123494344, -0.7017144438950408, -0.4327959007149317, 1.807043755487533, 5.984535043927552, 3.0706382754284163, 3.057912283600575, 11.997702136340283, 4.64752149237178, -0.6308920306875867, 3.4067651031489894, 8.468150509475635, 5.887946722547577, 8.540647529036228, -8.791624523512397]]","[1659.8292337171424, 1719.7046224339774, 2244.0870501012923, 1146.1153071395984, 1075.8556499581955, 1608.3807231539977, 1502.6501061786603, 1602.862451160976, 2245.334639389388, 1377.1096483414985]","[1.73401437170904, 1.6463660422735087, 2.4065237698816855, 1.9339240256305754, 1.2949809173100104, 1.6868682220153661, 2.4727478098713442, 2.0908807574275325, 2.2644186858400923, 2.5520368304387473]",1618.1929431574727,2.00827614323979,372.2738215166873,0.39576042243318577,1.8699538230895996
SLSQP,"[True, True, False, False, True, True, True, True, True, True]","[0.026582002639770508, 0.28768491744995117, 0.04480791091918945, 0.04201173782348633, 0.0374908447265625, 0.2268826961517334, 0.03634214401245117, 0.03143501281738281, 0.024370908737182617, 0.023092031478881836]","[-1575305.7346322513, -72364.52601341007, -150917.41915112012, -2155121.96722663, -3706455.8552166065, -47384.215139426786, -199109.93997375356, -77421.11660599061, -601560.051184858, -7843265.209320089]","[[6.217822987607128, 3.638127971741678, 3.375415885638283, 0.9900834186828824, 3.712037856479837, 3.852346653633367, 3.4360185345396923, 9.162302063409602, 0.07382500512074586, 3.43895654572734, 4.510487867527081, 8.398356899897912, 0.8855574340474581, 4.779848654816721, -9.973995540306976], [9.513961989982663, 1.8561158649805047, 3.811113416526399, -0.36312532056674496, 6.017019682331823, 4.438524096218512, 2.32541586229682, 7.7764192163461665, 0.9726224640043044, -0.31605662828372616, 4.718309265267457, 10.356171266731415, 3.867761439270699, 6.412779084988135, -9.301086586907035], [8.586931961657436, 1.1666471456125378, -0.2810579030134468, -1.2328930041164492, 6.284787406514564, -0.5861451253353734, 2.3084987847009266, 11.4663072993906, -1.9604261095737499, 1.9853228819745579, 4.057082101562143, 6.406878365354435, 4.043419981880181, 7.59725326469572, -9.440191895716797], [7.865835388797125, 3.0637054438799725, 1.2260877131883743, 3.3495907938505685, 8.500413511407961, -0.27225898449320995, -0.5436216657957713, 10.874109461513578, 2.164859179116883, -1.0016702363273962, -0.4901676801369035, 11.129796380010427, -0.2777945621723765, 5.261614674603751, -10.006232125770422], [9.957268896107083, 2.4808921732944467, -0.8544518273714732, 1.8518005684078895, 5.820782320308647, 1.5968030732261838, 1.280290733619072, 7.834732133696102, 0.7809338990531032, 2.736702832257862, 1.0225351090761743, 6.64370726815928, 2.3357737071705293, 3.6272457037855577, -10.151019577032747], [6.009623651810113, 1.9049092276129433, 3.316320291609199, 0.9066611467973815, 4.811062568941744, 4.599838971293458, 4.185123040491131, 9.444813447003868, -0.5658053972849802, 3.0674072787277815, 4.234547464271999, 10.3874249704133, 1.9049092276129433, 3.4668486379349357, -9.30120522485812], [11.443545642825264, 4.4192442860452115, 2.7911762170207783, 3.481815945852654, 4.211282975960193, 2.6256738922334217, 0.7107415926605012, 7.216422711706227, 2.866038666567688, 0.5065757034741578, -0.08799275428469922, 11.860576248216418, 1.5188716527690156, 6.645881904129919, -9.52764302289321], [9.276639355426688, 0.5343483026152811, 0.4413896104113073, 0.37569357328693886, 6.760796282606064, 1.0313760518306019, 4.982980780931888, 9.768468136303955, -0.8095950377141432, -0.654770601413857, 2.292344766042753, 9.642537467521796, 3.1603505019655547, 6.095209632232571, -9.307698996540692], [6.993414012717524, -0.6581792391687, -0.17963724847044205, 1.2626608946629259, 3.4446812440974406, 2.454994571543393, -0.332870992395508, 7.064478342949606, -0.2747328235011699, -1.5729984542045465, 0.44832616111236057, 7.467545698696039, 0.3141735344523333, 5.663714428796288, -9.729872117107103], [10.552262194391464, -0.2908725825825462, -1.775903877451852, -0.7754465856184654, 8.17835735334499, 0.46843309368722785, 4.043645479032099, 10.291025275034965, 3.9127158770880808, 0.1560937979511241, 3.254024623002622, 10.774159866859076, 4.5063762318911, 8.750769577577266, -10.284010394191792]]","[1586022.3935306973, 83081.18491185599, 161634.07804956604, 2165838.626125076, 3717172.5141150523, 58100.8740378727, 209826.59887219948, 88137.77550443653, 612276.7100833039, 7853981.868218535]","[1.6626000578583258, 2.012458375934702, 2.3631931898381615, 2.20910035256261, 1.4406066928129135, 1.901522396819508, 2.2135628746352527, 1.947156146377745, 2.421968159383551, 2.6632288914295295]",1653607.2623448595,2.0835397137652296,2362787.313771816,0.34767618837323105,0.07807002067565919
trust-constr,"[True, True, True, True, True, True, True, True, True, True]","[32.49490404129028, 9.092875957489014, 18.670387983322144, 18.190442085266113, 25.205381155014038, 20.736506938934326, 25.288886785507202, 22.78567099571228, 3.5327413082122803, 12.085821866989136]","[8449.964379778949, -74782.67523633478, -84470.79309822773, -74750.73289726506, -5731.2633317709015, -74715.80871648891, 5441.290023226006, -211214.48430538902, -74796.35059112989, -74782.83921322736]","[[7.670734070127724, 2.0463162967609847, 3.999988345073779, 2.367802867617809, 3.7430018933820475, 3.0591784338869754, 2.9923849098119177, 7.303898927364658, 1.9379603876624105, 3.600293199152205, 4.6957788071085504, 7.124956626561158, 0.03765029148697248, 4.701862574014663, -9.301030369061548], [11.331163693377286, 1.4837385119784554, 1.904191201322064, 2.629717417746779, 5.120374769132749, 4.993360377936923, 1.9268411882580934, 8.601605584273857, 2.4546755263175526, 3.0891861320262897, 1.7753664792367663, 9.001553494204517, -0.9883702693026929, 8.029793803978885, -9.301030252027543], [10.664689357386838, 4.985529163484674, 0.12495884163574657, 1.2312691368485376, 5.901882617018429, 0.0970200549026681, 1.5552985557527899, 11.32147777497899, -1.999099422209995, 2.48198912226096, 1.8647403165534913, 7.922697281266354, 4.990023440517544, 8.980959840617123, -9.325648740745091], [9.253528646797099, 2.772061219403722, 2.441749231139602, 3.3004445346762035, 8.449919985848751, -0.16282005448761777, -0.49496393210970013, 10.663884822417785, 3.284236240964559, -0.7905944895806054, -0.21415924192836672, 11.091807986847675, -0.5883917506362342, 4.634520826084533, -9.30103132922142], [10.020830851161282, 2.7677211139843316, -0.9160176501278559, 1.7382617201382804, 5.60795505697317, 1.0575646811030015, 1.1424957473187527, 7.676564534206231, 1.7097319331285465, 2.3095258536814613, 1.5842043261461856, 6.616604093136244, 2.0659025381721183, 3.513238548767025, -9.301030291897721], [11.814451831057388, 4.853572516195255, 3.451528445809249, -1.9980603305926614, 4.715352188229864, 3.8117637761741654, 3.271244324351668, 6.420098321698348, -1.3251908337845892, 2.644704676913899, 2.250791198312895, 8.85744334947317, 3.324567599303109, 3.0016118498854705, -9.301030181865203], [11.51622076659994, 4.453231560834072, 3.0368748794878537, 3.349189073482522, 4.390594261228129, 2.312121230277944, 0.9543388335820675, 7.163728576184145, 2.9728036099232047, 0.4794326486624554, -0.0694963959335743, 11.99988564742573, 1.7586805819940248, 6.333158107097873, -9.30104616351335], [9.989158513964615, 0.5381264834763416, 0.5879591658070711, 1.112229155140797, 4.238346467294925, 0.4211973691315419, 4.271380134280362, 9.63710215351884, -0.41085405630313826, -0.8865121900968737, 1.5425901534506985, 9.59956990250699, 2.704159511855785, 7.074326597265435, -9.547463142756314], [6.962501618452702, -0.6947039284865801, -0.19723999678121623, 1.2634757920285642, 3.4099540190634063, 2.461362069023968, -0.3675664921698102, 7.034916673949502, -0.29404777692770667, -1.6068328932781948, 0.4231461174256611, 7.444195805731777, 0.28751895005831096, 5.658385683302897, -9.301032072658142], [10.595577984421768, -0.35384532627460796, -1.83327313637671, -0.8231263018226012, 8.23903177673124, 0.42366077774999356, 4.186740000304294, 10.32171727427534, 3.9697872999345174, 0.12989542594895126, 3.2847290568640157, 10.823643749400912, 4.569253453712458, 8.809895955050042, -9.301030252270165]]","[2266.694518666969, 85499.3341347807, 95187.45199667366, 85467.39179571098, 16447.92223021682, 85432.46761493484, 5275.368875219911, 221931.14320383494, 85513.00948957581, 85499.49811167328]","[1.522923433507589, 1.626736916404831, 2.456119210239837, 2.0817374128632897, 1.4261966215291126, 2.184937353363469, 2.21392300251628, 2.079466598572467, 2.4493427714184914, 2.7145534223378442]",76852.0281971288,2.0755936742753205,60076.117732174454,0.4065138048439251,18.80836191177368
basinhopping,"[False, False, False, True, False, False, False, False, False, True]","[294.68775606155396, 48.5745849609375, 75.85400009155273, 21.099452018737793, 64.717294216156, 36.11870002746582, 342.489089012146, 206.47293281555176, 105.63927388191223, 27.33958888053894]","[9642.930524174584, 8471.324265466426, 8471.324265958609, 8471.32426546643, 8471.324265767857, 8471.324265469126, 9962.593042512319, 8988.046103076991, 8490.595978773183, 8471.324265466425]","[[9.663610358220177, 3.1119462166654754, 2.371278383405171, 1.632240815934779, 5.389694863942298, 2.5397211439756036, 1.9231577080311169, 7.693392957837932, 1.5572014353350685, 1.9225749129685545, 3.4561398369388625, 9.341136517390874, -1.361600288020482, 2.6464335450780205, -9.116272416582538], [11.467511832083115, -0.013991156194069987, -4.673439137743584, -6.721228922046464, 41.81253204333621, -2.006458998050762, 0.6727174421803951, 14.22598499099852, -12.328042324575348, 4.612557406405536, -4.974256474671328, 7.252123974121868, -4.097131765488026, 6.978877755335929, -8.033675450125987], [7.799161710217945, 2.0868443747440555, -2.5913804918751313, -3.884967188407986, 5.765541800337008, -2.0476618174208543, 4.743260505304185, 12.095675018625142, -2.6557123777252665, 2.784254009851145, 5.151559279070643, 5.190959253497904, 3.5977837991161006, 7.242868521721974, -8.033665098770005], [-2.3099660612740474, -30.847799901295804, -6.446152208292515, 1.8310299483507073, 13.679267415270038, -8.588591024214168, -14.586695004666215, -5.410767342431879, -0.3363545269518793, -3.0978557126065436, -23.142766970971174, 6.619316336794283, 8.34978829580136, 0.7429732271165052, -8.03367545822188], [15.038174946550756, -1.2743719803998772, 4.710882517863111, -2.2197164234294373, 7.685468142139392, -1.1356836414829397, 1.380489760377713, 3.699297385205616, -7.8011100146710985, 7.066088725373201, -4.599237343974591, 5.9988111567063545, 3.407219095303556, 4.107495824025206, -8.033686650164034], [9.188200682436644, 2.1011862177778813, 3.1377982537486435, -1.87275881111727, 8.047064974623655, 1.4297989799278956, 2.3165984668447974, 4.522681718756838, 1.7968309868473011, -1.245305968729045, 0.16053218514172785, 7.557545205845425, -1.4178084918307003, 9.392307886412363, -8.033675615564107], [12.375211931104579, 3.4230671608727783, 1.274213005310802, 2.8840154433256076, 3.090448639378393, 1.1693758243570611, 2.230331916038305, 8.461017914582357, 4.495557160010315, 3.243423700202244, 0.19280034176791214, 12.234704997339415, 1.3944551483468344, 2.683701183307172, -9.32753539003189], [8.600228140498368, -1.381145790977615, 0.9655864499141712, 2.2991963744450974, 5.07829169020116, 2.3269371771217933, 5.101289837447059, 10.143045177696777, -0.09826227205400483, -2.537169474242954, 2.525489568984779, 9.443898082017139, 4.633146032938802, 8.246463466773546, -8.427645034557301], [2.409062835423587, 0.7567937380311359, 5.102974383490351, 0.1750956265540174, 5.43992973992257, 5.208681003324871, 4.744282051274929, 6.90004709138851, -3.348493074856618, -0.7491911204250348, 10.642353871538052, 16.812517066755806, -2.5345363064454265, 4.206985131146029, -8.07529746249158], [7.114478804906316, 1.6240479277732809, -9.192821014185084, 0.8303511967217818, 8.628261298565992, 2.7130112718836124, 3.1770374179511003, 13.102892899832552, -3.364155820184833, 3.319550115018712, 4.7056550860554704, -5.270492449809912, -18.205205981626257, 23.052256505147078, -8.03367545534886]]","[1073.7283742713335, 2245.3346329794913, 2245.334632487309, 2245.3346329794877, 2245.334632678061, 2245.334632976792, 754.0658559335989, 1728.6127953689265, 2226.062919672735, 2245.334632979493]","[1.1559085868702983, 10.637611853599388, 3.1973323167333154, 13.888834838273166, 4.652373238536017, 2.654429995177341, 2.249611372261892, 2.6337854951651494, 4.4467519017115915, 8.292702577654676]",1925.447774232723,5.380934217598283,532.9766057947334,3.9661532799906714,122.29926719665528
differential_evolution,"[True, True, False, True, True, False, True, True, False, True]","[311.3582880496979, 522.7930262088776, 545.8796269893646, 484.1253628730774, 452.2024908065796, 670.7155711650848, 377.97125792503357, 488.7139136791229, 640.3232681751251, 538.8606059551239]","[10344.596389095233, 10394.402362989527, 10424.310854952804, 10337.263190482116, 10226.20309014988, 10387.038925094103, 10292.928579265552, 10197.953344155354, 10378.413974763396, 10254.56944361031]","[[9.083381699214208, 0.5530776259452597, 2.5268075851063765, 2.819508834434137, 5.945146877047349, 2.340656070975477, 1.7566747187282576, 8.698528837988924, 2.0769216948604887, 2.711202893331075, 3.852011019673608, 7.382434125790035, 4.539271068014333, 3.4950101871675496, -9.636336784634516], [11.26915896013342, -0.724126763823076, 2.647865916207742, 0.977227954760033, 3.665400314093989, 0.7079312384635963, 0.4661592218153381, 9.156606555231049, 2.269707906124545, 3.7821220184677404, 2.4968881440713266, 8.916492458129841, 3.6537884354113386, 7.120538028859176, -9.633508994505153], [7.80369730216171, 2.1102652629237504, 3.7313591370530936, 1.407282184655341, 7.801097410684976, 4.958678109014269, 1.4655220694218527, 9.976080572103065, 2.1470241223842086, 3.655464778043335, 0.22986078894999862, 8.905929936679165, -0.49105624354929756, 3.9306358749311627, -9.655551682194261], [8.14900130707204, 0.7255227746478907, 2.5919734385405406, 2.4179990622811562, 5.718501968559802, 2.3889871195533914, 1.1302301180371064, 7.97418848262983, 2.0084897816919844, 2.9573489398784507, 3.635670887290179, 8.262931598867327, 3.4700852799555344, 3.7312855682404855, -9.650177561788505], [8.649846653101704, 1.6974843423456325, 1.6594887268408225, 3.208857353504917, 7.700089875986652, 2.93111541924897, 1.1991354231269886, 8.56885908054686, 2.73267998327049, 2.6048503061587054, 0.31716097513685115, 7.466731195501822, 3.490546645872806, 3.7126330444731392, -9.410431871219426], [8.428030836173825, 1.0211005773691813, 2.100545034988558, 0.49521325957139545, 5.154274571355062, 2.0965326607399994, 2.4471754300724196, 11.201864083379382, 2.966995115077364, 2.9875342671944343, 0.3311123843561172, 7.609929544411984, 2.909608016896434, 5.271816853511294, -9.738898016247715], [9.853225673951254, 3.962707733539199, 2.9394436722053605, 1.1074279167022707, 4.652948686778393, 1.7496213752487875, 1.5125049006150129, 9.891819003306562, 2.336235020450662, 3.8241479179500484, 0.41276417449275016, 8.842279912085727, 0.3361196409566858, 4.997795504926704, -9.514696699228992], [9.93685965900093, 1.8559795194723319, 3.8650036461022026, 0.8351427005115903, 7.259944567374782, 4.322678862492492, 0.42055851053828486, 9.454735335630913, 3.5105551417104595, 3.1046762673443737, -0.2041566950354866, 7.385658686943693, 1.3787106568000067, 6.278066439827896, -9.496826205057005], [9.009689494472452, 1.8835768779889903, 2.787520121439497, -0.41234309180392303, 3.4863941062815798, 0.6341853364467602, 2.9518572310833644, 11.782041569727749, 2.37912398449882, 2.3815139795092914, 3.6652388033553107, 10.6060980555166, 3.443840742547228, 6.3325447113472535, -9.618977697490498], [9.273920416196336, 2.2028231060616097, 1.2930812632452193, 1.9993771678654468, 7.620217670876253, 3.817142519456466, 0.03510663751666954, 8.142548398839567, 2.2440280513918864, 3.823807102714084, 1.5153758774304698, 9.006203385318175, 3.200875675104761, 3.4225113754813394, -9.43694246439508]]","[372.0625093506842, 322.25653545639034, 292.34804349311344, 379.3957079638021, 490.4558082960375, 329.61997335181513, 423.73031918036577, 518.7055542905637, 338.2449236825214, 462.0894548356082]","[1.526215936202781, 2.1732844987580937, 1.4196402390141494, 1.5031491840278839, 1.4563677861466526, 1.5097783521334511, 1.33657460882242, 1.5529935840634015, 2.016084547651771, 1.5376701606032377]",392.8908829900902,1.6031758897423842,73.34245887108848,0.2555957988500145,503.29434118270876
dual_annealing,"[True, True, True, True, True, True, True, True, True, True]","[485.8049747943878, 369.21801805496216, 783.8747608661652, 363.9240620136261, 323.28402280807495, 227.40359616279602, 920.513247013092, 191.18540406227112, 158.6418800354004, 339.4626760482788]","[10355.50855897644, 10380.152491544093, 9924.88092719176, 9098.128523174957, 9912.320640183392, 10136.484719129778, 9924.714135237646, 10146.30655243688, 8997.782716341833, 10183.65413112517]","[[7.690272085049485, 1.667338142041605, 2.016767167139928, 2.3908091354705787, 6.784838988488757, 2.381932982937634, 1.2042475480195607, 10.013863127469357, 3.775049141174994, 2.301182570350345, 1.392564737101331, 6.00203292310364, 0.35684307243468544, 4.270658293274555, -9.679351570486986], [10.191583360605515, 3.5642682676107458, 2.1289089274461444, 1.3165308106743945, 4.520572374518672, 1.4060928999711113, 0.47304321108155434, 8.921870840683988, 2.179271169100584, 0.7021614327788623, 2.4186249522072876, 7.296227697268888, 1.0630064281962128, 3.2036843989385995, -9.704731451000418], [8.279998076711845, 0.30150884163193775, 0.46999018044027174, 2.9996784717990543, 7.04033160007242, 1.5756070337022632, 2.008401896942838, 8.7857997809344, 3.3308200514392894, 3.8064709327461643, -0.039085622969937894, 7.765399569303131, 4.745253353072332, 8.637001415121636, -9.30643822325775], [6.397480725696559, 1.317042575199434, 2.0294971699138182, 3.2662724913768986, 5.581439202984279, 3.1431006389730123, 1.056898972825983, 8.080541146586672, 3.998272321366435, 1.8294602639451412, 0.7946754503350558, 12.0, 4.809785565914078, 7.307726081701435, -9.301029995663981], [6.154949553131213, 1.686176530182826, 3.9984911810586077, 2.994178304074847, 8.770017407498639, 4.471709479084417, 3.8317190993338444, 9.868235315863359, 1.4322155633301292, 3.3211949111206374, 2.958540372379477, 11.980961199046897, 1.0539184955650907, 6.447853176135035, -9.301029995663981], [8.114727489683931, 0.9626593940992674, 1.7362403031990854, 2.412797781876897, 7.453601117192013, 3.44628034453347, 4.517445962897688, 11.49380830268628, 1.9963193499720635, 1.9789948035483, -0.7266268346016957, 8.056387857369078, 1.7719493335246848, 4.1733004830113245, -9.488216341505087], [9.716484187952855, 3.8939714453826086, 2.135256823376523, 2.82102251094486, 5.648263400273869, 1.3197228962419936, 1.7153870585646087, 8.989157242598841, 1.6736135200798954, 1.7654894639557153, 3.052069192792016, 11.998105859971266, 0.8188220945597716, 4.301878385218684, -9.30549317227374], [9.464018957253217, 3.0615753315883616, 1.8546908758110054, 1.8836396947823393, 8.39402589066789, 4.842093737917315, 3.404800891729369, 10.982465872949119, 2.3591760947321876, 2.2078958194857417, 0.9256849750375921, 7.488086865919987, 1.838705336880403, 3.7367853684179817, -9.500294054670961], [8.857141357081563, 4.567732275482906, 3.076441053647586, 3.689899260862777, 5.557978017908813, 2.935664321423789, 0.8237623290390538, 8.40186759475474, 3.998268981828791, 2.437880327046205, 1.1352645804332038, 11.999644623019964, -0.045438471852557526, 3.0029407467875195, -9.301029995663981], [7.184556765085668, 2.1183864256888776, 3.5951218609785864, 3.8922402026319776, 6.786508256088018, 4.188150953260642, 3.0871302101069404, 9.084630958243018, 3.188295719497909, 3.672369073199518, 2.1673227310626912, 7.781337429042393, 0.5486492627009724, 5.787795941556542, -9.532996507310333]]","[361.15033946947733, 336.50640690182445, 791.7779712541578, 1618.5303752709606, 804.3382582625254, 580.17417931614, 791.944763208272, 570.3523460090382, 1718.8761821040844, 533.0047673207482]","[1.0967153642044662, 1.1851407907740492, 2.2719324488878834, 2.5213335607729284, 2.0325981487860427, 1.4449895877372032, 1.5337042659826783, 1.0067938279055897, 1.84923863256996, 1.3256382276304393]",810.6655589117229,1.6268084855251241,457.5043613976559,0.49228220936032313,416.33126418590547
direct,"[True, True, True, True, True, True, True, True, True, True]","[1.8437812328338623, 1.899280309677124, 1.8667478561401367, 1.8393490314483643, 1.8072071075439453, 1.842573642730713, 1.8415501117706299, 1.8191533088684082, 1.8240230083465576, 1.8481431007385254]","[7900.755951876934, 7900.755951876934, 7900.755951876934, 7900.755951876934, 7900.755951876934, 7900.755951876934, 7900.755951876934, 7900.755951876934, 7900.755951876934, 7900.755951876934]","[[8.555555555555555, 4.0, 1.0, 3.0, 6.0, 2.0, 4.888888888888888, 9.0, 1.666666666666667, 2.333333333333332, -0.6666666666666665, 11.666666666666666, 1.3333333333333335, 6.222222222222221, -9.3195485141825], [8.555555555555555, 4.0, 1.0, 3.0, 6.0, 2.0, 4.888888888888888, 9.0, 1.666666666666667, 2.333333333333332, -0.6666666666666665, 11.666666666666666, 1.3333333333333335, 6.222222222222221, -9.3195485141825], [8.555555555555555, 4.0, 1.0, 3.0, 6.0, 2.0, 4.888888888888888, 9.0, 1.666666666666667, 2.333333333333332, -0.6666666666666665, 11.666666666666666, 1.3333333333333335, 6.222222222222221, -9.3195485141825], [8.555555555555555, 4.0, 1.0, 3.0, 6.0, 2.0, 4.888888888888888, 9.0, 1.666666666666667, 2.333333333333332, -0.6666666666666665, 11.666666666666666, 1.3333333333333335, 6.222222222222221, -9.3195485141825], [8.555555555555555, 4.0, 1.0, 3.0, 6.0, 2.0, 4.888888888888888, 9.0, 1.666666666666667, 2.333333333333332, -0.6666666666666665, 11.666666666666666, 1.3333333333333335, 6.222222222222221, -9.3195485141825], [8.555555555555555, 4.0, 1.0, 3.0, 6.0, 2.0, 4.888888888888888, 9.0, 1.666666666666667, 2.333333333333332, -0.6666666666666665, 11.666666666666666, 1.3333333333333335, 6.222222222222221, -9.3195485141825], [8.555555555555555, 4.0, 1.0, 3.0, 6.0, 2.0, 4.888888888888888, 9.0, 1.666666666666667, 2.333333333333332, -0.6666666666666665, 11.666666666666666, 1.3333333333333335, 6.222222222222221, -9.3195485141825], [8.555555555555555, 4.0, 1.0, 3.0, 6.0, 2.0, 4.888888888888888, 9.0, 1.666666666666667, 2.333333333333332, -0.6666666666666665, 11.666666666666666, 1.3333333333333335, 6.222222222222221, -9.3195485141825], [8.555555555555555, 4.0, 1.0, 3.0, 6.0, 2.0, 4.888888888888888, 9.0, 1.666666666666667, 2.333333333333332, -0.6666666666666665, 11.666666666666666, 1.3333333333333335, 6.222222222222221, -9.3195485141825], [8.555555555555555, 4.0, 1.0, 3.0, 6.0, 2.0, 4.888888888888888, 9.0, 1.666666666666667, 2.333333333333332, -0.6666666666666665, 11.666666666666666, 1.3333333333333335, 6.222222222222221, -9.3195485141825]]","[2815.9029465689837, 2815.9029465689837, 2815.9029465689837, 2815.9029465689837, 2815.9029465689837, 2815.9029465689837, 2815.9029465689837, 2815.9029465689837, 2815.9029465689837, 2815.9029465689837]","[1.902241292780108, 1.902241292780108, 1.902241292780108, 1.902241292780108, 1.902241292780108, 1.902241292780108, 1.902241292780108, 1.902241292780108, 1.902241292780108, 1.902241292780108]",2815.902946568983,1.9022412927801082,4.547473508864641e-13,2.220446049250313e-16,1.8431808710098267
